[{"add":"普宁市流沙长春路南侧"},
{"add":"普宁市西园20幢即市政府后面"},
{"add":"普宁市流沙西平湖寨后16幢28-29号"},
{"add":"普宁市流沙大道人民医院旁"},
{"add":"普宁市流沙东文竹南路220号"},
{"add":"普宁市流沙大道华侨中学对面"},
{"add":"普宁市流沙中信华府12幢106-206号"},
{"add":"普宁市占陇镇吉祥里E区14、15号"},
{"add":"普宁市军埠镇新光路老桥头旁"},
{"add":"普宁市梅塘镇梅峰中学路口旁"},
{"add":"普宁市流沙光平路61号"},
{"add":"普宁市流沙东新安三鸟市场右侧2-3号"},
{"add":"普宁市流沙新光路溪尾菜市场旁"},
{"add":"普宁流沙新坛村文竹北路东侧"},
{"add":"普宁市流沙北街南园村62-64号"},
{"add":"普宁市流沙南园村西园2巷1号"},
{"add":"普宁市流沙前蔡村165幢101号-103号"},
{"add":"普宁市流沙南山村南亨里族荣楼"},
{"add":"普宁市下架山镇老南湖村公路口39号"},
{"add":"普宁市东埔荣格电脑城西侧路"},
{"add":"普宁市中信华府东向门市南起第31-33间"},
{"add":"普宁市大坝镇吉祥苑商铺8—9号"}]