{
	"groups":[
	{
		"keys":"bgImage,egretIcon,beginBtn_png,endBG_png,loadingbar_png,acceptBtn_png,alertBg_png,cancelBtn_png,buttonImg_png,gameDescribe_json,returnbtn_png,describeURL_json,diamod1_png,diamod2_png,diamod3_png,diamod4_png,diamod5_png,diamod0_png,bottomFrame_png,floatFrame_png,ginsengbtn_png,rewardbtn_png,showseedbtn_png,playerImg_png,buttonFrame_png,bestseedbtn_png,seedbtn_png,seedreturnbtn_png,closebtn_png,ItemFrame_png,ginseng_png,rewardItem1_png,rewardItem2_png,rewardItem3_png,bestsengTipFrame_png,morebtn_png,tiplight_png,tipreturnbtn_png,gamebg_jpg,bestginseng_png,rankFrame_png,rankitemFrame_png,start0_png,start1_png,start2_png,rankseng_png,registerFrame_png",
		"name":"preload"
	}],
	"resources":[
	{
		"name":"bgImage",
		"type":"image",
		"url":"assets/bg.jpg"
	},
	{
		"name":"egretIcon",
		"type":"image",
		"url":"assets/egret_icon.png"
	},
	{
		"name":"description",
		"type":"json",
		"url":"config/description.json"
	},
	{
		"name":"beginBtn_png",
		"type":"image",
		"url":"assets/beginBtn.png"
	},
	{
		"name":"endBG_png",
		"type":"image",
		"url":"assets/endBG.png"
	},
	{
		"name":"loadingbar_png",
		"type":"image",
		"url":"assets/loadingbar.png"
	},
	{
		"name":"acceptBtn_png",
		"type":"image",
		"url":"assets/acceptBtn.png"
	},
	{
		"name":"alertBg_png",
		"type":"image",
		"url":"assets/alertBg.png"
	},
	{
		"name":"cancelBtn_png",
		"type":"image",
		"url":"assets/cancelBtn.png"
	},
	{
		"name":"buttonImg_png",
		"type":"image",
		"url":"assets/buttonImg.png"
	},
	{
		"name":"gameDescribe_json",
		"type":"json",
		"url":"assets/gameDescribe.json"
	},
	{
		"name":"returnbtn_png",
		"type":"image",
		"url":"assets/returnbtn.png"
	},
	{
		"name":"describeURL_json",
		"type":"json",
		"url":"assets/describeURL.json"
	},
	{
		"name":"diamod1_png",
		"type":"image",
		"url":"assets/diamod1.png"
	},
	{
		"name":"diamod2_png",
		"type":"image",
		"url":"assets/diamod2.png"
	},
	{
		"name":"diamod3_png",
		"type":"image",
		"url":"assets/diamod3.png"
	},
	{
		"name":"diamod4_png",
		"type":"image",
		"url":"assets/diamod4.png"
	},
	{
		"name":"diamod5_png",
		"type":"image",
		"url":"assets/diamod5.png"
	},
	{
		"name":"diamod0_png",
		"type":"image",
		"url":"assets/diamod0.png"
	},
	{
		"name":"bottomFrame_png",
		"type":"image",
		"url":"assets/bottomFrame.png"
	},
	{
		"name":"floatFrame_png",
		"type":"image",
		"url":"assets/floatFrame.png"
	},
	{
		"name":"ginsengbtn_png",
		"type":"image",
		"url":"assets/ginsengbtn.png"
	},
	{
		"name":"rewardbtn_png",
		"type":"image",
		"url":"assets/rewardbtn.png"
	},
	{
		"name":"showseedbtn_png",
		"type":"image",
		"url":"assets/showseedbtn.png"
	},
	{
		"name":"playerImg_png",
		"type":"image",
		"url":"assets/playerImg.png"
	},
	{
		"name":"buttonFrame_png",
		"type":"image",
		"url":"assets/buttonFrame.png"
	},
	{
		"name":"bestseedbtn_png",
		"type":"image",
		"url":"assets/bestseedbtn.png"
	},
	{
		"name":"seedbtn_png",
		"type":"image",
		"url":"assets/seedbtn.png"
	},
	{
		"name":"seedreturnbtn_png",
		"type":"image",
		"url":"assets/seedreturnbtn.png"
	},
	{
		"name":"closebtn_png",
		"type":"image",
		"url":"assets/closebtn.png"
	},
	{
		"name":"ItemFrame_png",
		"type":"image",
		"url":"assets/ItemFrame.png"
	},
	{
		"name":"ginseng_png",
		"type":"image",
		"url":"assets/ginseng.png"
	},
	{
		"name":"rewardItem1_png",
		"type":"image",
		"url":"assets/rewardItem1.png"
	},
	{
		"name":"rewardItem2_png",
		"type":"image",
		"url":"assets/rewardItem2.png"
	},
	{
		"name":"rewardItem3_png",
		"type":"image",
		"url":"assets/rewardItem3.png"
	},
	{
		"name":"bestsengTipFrame_png",
		"type":"image",
		"url":"assets/bestsengTipFrame.png"
	},
	{
		"name":"morebtn_png",
		"type":"image",
		"url":"assets/morebtn.png"
	},
	{
		"name":"tiplight_png",
		"type":"image",
		"url":"assets/tiplight.png"
	},
	{
		"name":"tipreturnbtn_png",
		"type":"image",
		"url":"assets/tipreturnbtn.png"
	},
	{
		"name":"gamebg_jpg",
		"type":"image",
		"url":"assets/gamebg.jpg"
	},
	{
		"name":"bestginseng_png",
		"type":"image",
		"url":"assets/bestginseng.png"
	},
	{
		"name":"rankFrame_png",
		"type":"image",
		"url":"assets/rankFrame.png"
	},
	{
		"name":"rankitemFrame_png",
		"type":"image",
		"url":"assets/rankitemFrame.png"
	},
	{
		"name":"start0_png",
		"type":"image",
		"url":"assets/start0.png"
	},
	{
		"name":"start1_png",
		"type":"image",
		"url":"assets/start1.png"
	},
	{
		"name":"start2_png",
		"type":"image",
		"url":"assets/start2.png"
	},
	{
		"name":"rankseng_png",
		"type":"image",
		"url":"assets/rankseng.png"
	},
	{
		"name":"registerFrame_png",
		"type":"image",
		"url":"assets/registerFrame.png"
	}]
}