[{"url":"http://www.km1818.com/promotionTrack.action?source=rsgame&target=http://m.km1818.com/topic/gls.html"},
{"url":"http://www.km1818.com/promotionTrack.action?source=rsgame&target=http://m.km1818.com/topic/ds.html"},
{"url":"http://www.km1818.com/promotionTrack.action?source=rsgame&target=http://m.km1818.com/topic/dsf.html"},
{"url":"http://www.km1818.com/promotionTrack.action?source=rsgame&target=http://m.km1818.com/topic/szs.html"},
{"url":"http://www.km1818.com/promotionTrack.action?source=rsgame&target=http://m.km1818.com/topic/dys.html"},
{"url":"http://www.km1818.com/promotionTrack.action?source=rsgame&target=http://m.km1818.com/products/53853.html"}]