[{"tip":"1、本代金券仅适用于康美人生直营店\n2、本券有效使用期截止至2015年12月20日，请于2015年12月13日前选择门店，逾期自动作废\n3、本周期内选择领取门店后，可在此周期数据清零三个工作日后到所选门店使用优惠券\n4、持本券至游戏活动中选定的康美人生直营店可购买168元鲜参（3根起售）\n5、本券单次使用有效，不设找赎，不开发票，不可积分，不享受会员政策及其他优惠政策\n6、本券需持券本人使用，截图无效\n7、更多详情请咨询4006-600-518转2号键"},
{"tip":"1、本代金券仅适用于康美人生直营店\n2、本券有效使用期截止至2015年12月31日，请于2015年12月27日前选择门店，逾期自动作废\n3、本周期内选择领取门店后，可在此周期数据清零三个工作日后到所选门店使用优惠券\n4、持本券至游戏活动中选定康美人生直营店购买阿胶糕（350g/盒）直接减免50元\n5、本券单次使用有效，不设找赎，不开发票，不可积分，不享受会员政策及其他优惠政策\n6、本券需持券本人使用，截图无效\n7、更多详情请咨询4006-600-518转2号键"},
{"tip":"1、本代金券仅适用于康美大药房（普宁）\n2、本券有效使用期截止至2015年12月31日，请于2015年12月27日前选择门店，过期本券一律作废\n3、本周期内选择领取门店后，可在此周期数据清零三个工作日后到所选门店领取优惠券\n4、本券抵用价值5元，购物满38元方可使用一张\n5、本券不兑换现金，不找零，一张购物小票只能抵用一张\n6、本活动最终解释权归广东康美之恋大药房连锁有限公司所有"},
{"tip":"1、本券仅适用于康美健康商城（www.km1818.com）\n2、本券有效使用期截止至2016年1月5日，过期本券一律作废\n3、查看方式：【登录注册会员】——【个人中心】——【输入券号查看优惠券】\n4、使用方式：【点击购买】——【使用优惠券】——【订单完成】\n5、本次优惠券使用范围仅限康美健康商城产品，中西药品及第三方产品不参与\n6、在法律范围内，本次活动解释权归康美健康商城所有"},
{"tip":"1、本券仅适用于康美健康商城（www.km1818.com）\n2、本券有效使用期截止至2015年12月27日，过期本券一律作废\n3、查看方式：【登陆注册会员】——【个人中心】——【我的优惠劵】——【输入券号查看优惠券】\n4、使用方式：【点击购买】——【使用优惠券】——【订单完成】\n5、本次优惠劵使用范围仅限康美健康商城“种鲜参，赢好礼，康美邀您赏大片”会员活动特供新鲜人参，其他产品不参与\n6、在法律范围内，本次活动解释权归康美健康商城所有"},
{"tip":"1、请于获奖本周内选择领取门店完成电影票预约，逾期作废\n2、本周预约电影票，仅限参加下周六的专场电影活动（如11月30日-12月6日期间预约电影票，此票仅限参加12月12日下午的专场电影活动，以此类推）\n3、具体专场电影活动参与时间、地点以客服人员电话或短信通知为准\n4、一张票限一人使用，请于活动开始前半小时凭票入场"},
{"tip":"1、请于获奖本周内选择领取门店完成电影票预约，逾期作废\n2、具体电影票领取时间，请以客服电话或短信通知为准\n3、预约完成的电影票将最晚保留至2015年12月31日，逾期视为自动放弃权利\n4、请凭游戏电影票预约界面（截图无效）领取电影票"}]