[{"add":"龙岗区龙城街道办爱南路666号龙岗Coco Park 4层L3C019、020号"},
{"add":"龙岗区龙岗中心城龙平西路与吉祥路交汇处华邺玫瑰郡一楼华润万家超市108号"},
{"add":"罗湖区蔡屋围京基百纳金融中心负一楼BLT超市内"},
{"add":"罗湖区人民南路2028号金光华广场B2层B2-045号"},
{"add":"罗湖区松园路鸿翔花园1037、1038号"},
{"add":"福田区福民路155号"},
{"add":"福田区侨香村1栋裙楼华润万家一层中庭"},
{"add":"福田区新闻路晶城广场一楼108铺"},
{"add":"南山区深南大道9028号益田假日广场B2层33号Ole'超市内"},
{"add":"南山区商业文化中心区海德三道海岸大厦东座119号"},
{"add":"南山区工业八路与后海滨路交汇处宝能太古城花园购物中心南区负一层SB109号"},
{"add":"南山区工业八路133号康美人生商铺(天骄华庭一层)"},
{"add":"南山区蛇口望海路南海玫瑰园二期37-42裙楼49号"},
{"add":"宝安区罗田路与创业路交汇处高发西岸首层华润万家超市内"}]