[{"add":"海珠区龙潭村东环街31号1、2、3首层"},
{"add":"海珠区龙潭村南约万年西街西一巷1号首层"},
{"add":"海珠区台冲村新街北三巷1号首层"},
{"add":"海珠区石榴岗东大街自编10号"},
{"add":"海珠区小洲村瀛洲北路107号"},
{"add":"海珠区小洲村搞水环七巷1号"},
{"add":"海珠区凤阳街五村兴隆新街98号103自编之二"},
{"add":"海珠区瑞宝村南岸社大街20巷2号自编之一"},
{"add":"海珠区鹭江东约新街84号之六2-3铺"},
{"add":"海珠区恒信路信和街14号首层"},
{"add":"天河区荟龙路8号101、102房"},
{"add":"白云区同和街榕树头榕树头路39号首层1-2铺"},
{"add":"天河区桃园南二街181,183号首层"}]